MemberID,Name,MembershipDate,Address
1,Alice Johnson,15-01-2022,123 Elm St
2,Bob Smith,22-03-2023,456 Oak St
3,Carol White,30-11-2021,789 Pine St
4,David Brown,10-05-2023,101 Maple St
5,Eve Davis,18-09-2022,202 Birch St
6,Frank Miller,05-01-2024,303 Cedar St
7,Grace Lee,22-06-2023,404 Walnut St
8,Hank Williams,25-10-2021,505 Ash St
9,Ivy Green,30-08-2022,606 Spruce St
10,Jack Hill,14-02-2024,707 Chestnut St
11,Kathy Turner,10-09-2023,808 Redwood St
12,Louis Wright,15-03-2022,909 Cypress St
13,Mona King,05-12-2021,1010 Poplar St
14,Nina Adams,08-04-2024,1111 Palm St
15,Oscar Harris,12-07-2022,1212 Olive St
16,Paula Clark,20-02-2023,1313 Cedar St
17,Quinn Martinez,15-06-2024,1414 Fir St
18,Rita Nelson,01-10-2022,1515 Pine St
19,Steve Carter,05-08-2023,1616 Maple St
20,Tina Scott,22-05-2024,1717 Birch St
21,Uma Collins,17-09-2021,1818 Ash St
22,Victor Young,08-06-2022,1919 Oak St
23,Wendy Johnson,13-07-2023,2020 Elm St
24,Xander Reed,02-03-2024,2121 Spruce St
25,Yara Peterson,30-10-2021,2222 Walnut St
26,Zack Morales,20-01-2022,2323 Maple St
27,Aiden Russell,11-11-2023,2424 Cedar St
28,Bella Morgan,18-07-2024,2525 Birch St
29,Caleb Rogers,23-08-2021,2626 Ash St
30,Dana Thompson,14-05-2022,2727 Oak St
31,Ethan Rivera,19-12-2023,2828 Elm St
32,Fiona Evans,28-02-2024,2929 Spruce St
33,Gavin Perez,30-04-2023,3030 Walnut St
34,Holly Hughes,18-07-2021,3131 Maple St
35,Isla Flores,21-11-2022,3232 Cedar St
36,Jason Edwards,25-03-2024,3333 Birch St
37,Kayla Brooks,11-06-2023,3434 Ash St
38,Liam Ward,10-08-2024,3535 Oak St
39,Maya Sanders,08-05-2021,3636 Elm St
40,Nate Bryant,23-02-2022,3737 Spruce St
41,Olivia Barnes,30-10-2023,3838 Walnut St
42,Parker Jenkins,10-01-2024,3939 Maple St
43,Quincy Wright,16-11-2021,4040 Cedar St
44,Rachel Price,27-08-2022,4141 Birch St
45,Sean Bell,29-09-2023,4242 Ash St
46,Taylor Clark,12-04-2024,4343 Oak St
47,Uma Collins,07-06-2024,4444 Elm St
48,Victor Young,24-05-2023,4545 Spruce St
49,Wendy Johnson,19-07-2022,4646 Walnut St
50,Xander Reed,15-02-2024,4747 Maple St
